<ImportExportXml version="7.0.0000.0000" SolutionPackageVersion="7.0.0000.0000" minimumversion="7.0.0.0" languagecode="1033" generatedBy="OnPremise" xmlns:xsi="http://www.w3.org/2001/XMLSchema-instance">
  <SolutionManifest>
    <UniqueName>MicrosoftXrmCustomerPortal</UniqueName>
    <LocalizedNames>
      <LocalizedName description="Microsoft xRM Customer Portal" languagecode="1033" />
    </LocalizedNames>
    <Descriptions>
      <Description description="The Customer Portal accelerator for Microsoft Dynamics CRM provides businesses the ability to deliver portal capabilities to their customers while tracking and managing these interactions in Microsoft Dynamics CRM." languagecode="1033" />
    </Descriptions>
    <Version>1.0.0015</Version>
    <Managed>1</Managed>
    <ConfigurationPage>msa_Customer_Portal_Functionality_and_Administration_Guide.htm</ConfigurationPage>
    <Publisher>
      <UniqueName>microsoftdynamicslabs</UniqueName>
      <LocalizedNames>
        <LocalizedName description="Microsoft Dynamics Labs" languagecode="1033" />
      </LocalizedNames>
      <Descriptions>
        <Description description="Microsoft Dynamics Labs" languagecode="1033" />
      </Descriptions>
      <EMailAddress>dynlabs@microsoft.com</EMailAddress>
      <SupportingWebsiteUrl>http://social.microsoft.com/Forums/en-US/crmlabs/threads</SupportingWebsiteUrl>
      <CustomizationPrefix>msa</CustomizationPrefix>
      <CustomizationOptionValuePrefix>86183</CustomizationOptionValuePrefix>
      <Addresses>
        <Address>
          <AddressNumber>1</AddressNumber>
          <AddressTypeCode>1</AddressTypeCode>
          <City>Redmond</City>
          <County xsi:nil="true"></County>
          <Country>United States</Country>
          <Fax xsi:nil="true"></Fax>
          <FreightTermsCode xsi:nil="true"></FreightTermsCode>
          <ImportSequenceNumber xsi:nil="true"></ImportSequenceNumber>
          <Latitude xsi:nil="true"></Latitude>
          <Line1>One Microsoft Way</Line1>
          <Line2 xsi:nil="true"></Line2>
          <Line3 xsi:nil="true"></Line3>
          <Longitude xsi:nil="true"></Longitude>
          <Name xsi:nil="true"></Name>
          <PostalCode>98052</PostalCode>
          <PostOfficeBox xsi:nil="true"></PostOfficeBox>
          <PrimaryContactName xsi:nil="true"></PrimaryContactName>
          <ShippingMethodCode>1</ShippingMethodCode>
          <StateOrProvince>WA</StateOrProvince>
          <Telephone1>800-642-7676</Telephone1>
          <Telephone2 xsi:nil="true"></Telephone2>
          <Telephone3 xsi:nil="true"></Telephone3>
          <TimeZoneRuleVersionNumber xsi:nil="true"></TimeZoneRuleVersionNumber>
          <UPSZone xsi:nil="true"></UPSZone>
          <UTCOffset xsi:nil="true"></UTCOffset>
          <UTCConversionTimeZoneCode xsi:nil="true"></UTCConversionTimeZoneCode>
        </Address>
        <Address>
          <AddressNumber>2</AddressNumber>
          <AddressTypeCode>1</AddressTypeCode>
          <City xsi:nil="true"></City>
          <County xsi:nil="true"></County>
          <Country xsi:nil="true"></Country>
          <Fax xsi:nil="true"></Fax>
          <FreightTermsCode xsi:nil="true"></FreightTermsCode>
          <ImportSequenceNumber xsi:nil="true"></ImportSequenceNumber>
          <Latitude xsi:nil="true"></Latitude>
          <Line1 xsi:nil="true"></Line1>
          <Line2 xsi:nil="true"></Line2>
          <Line3 xsi:nil="true"></Line3>
          <Longitude xsi:nil="true"></Longitude>
          <Name xsi:nil="true"></Name>
          <PostalCode xsi:nil="true"></PostalCode>
          <PostOfficeBox xsi:nil="true"></PostOfficeBox>
          <PrimaryContactName xsi:nil="true"></PrimaryContactName>
          <ShippingMethodCode>1</ShippingMethodCode>
          <StateOrProvince xsi:nil="true"></StateOrProvince>
          <Telephone1 xsi:nil="true"></Telephone1>
          <Telephone2 xsi:nil="true"></Telephone2>
          <Telephone3 xsi:nil="true"></Telephone3>
          <TimeZoneRuleVersionNumber xsi:nil="true"></TimeZoneRuleVersionNumber>
          <UPSZone xsi:nil="true"></UPSZone>
          <UTCOffset xsi:nil="true"></UTCOffset>
          <UTCConversionTimeZoneCode xsi:nil="true"></UTCConversionTimeZoneCode>
        </Address>
      </Addresses>
    </Publisher>
    <RootComponents>
      <RootComponent type="1" schemaName="account" />
      <RootComponent type="1" schemaName="adx_accountaccess" />
      <RootComponent type="1" schemaName="adx_caseaccess" />
      <RootComponent type="1" schemaName="adx_contactaccess" />
      <RootComponent type="1" schemaName="adx_contentsnippet" />
      <RootComponent type="1" schemaName="adx_pagetemplate" />
      <RootComponent type="1" schemaName="adx_sitemarker" />
      <RootComponent type="1" schemaName="adx_sitesetting" />
      <RootComponent type="1" schemaName="adx_webfile" />
      <RootComponent type="1" schemaName="adx_weblink" />
      <RootComponent type="1" schemaName="adx_weblinkset" />
      <RootComponent type="1" schemaName="adx_webnotificationurl" />
      <RootComponent type="1" schemaName="adx_webpage" />
      <RootComponent type="1" schemaName="adx_webrole" />
      <RootComponent type="1" schemaName="adx_website" />
      <RootComponent type="1" schemaName="campaign" />
      <RootComponent type="1" schemaName="campaignresponse" />
      <RootComponent type="1" schemaName="contact" />
      <RootComponent type="1" schemaName="incident" />
      <RootComponent type="1" schemaName="kbarticle" />
      <RootComponent type="1" schemaName="lead" />
      <RootComponent type="1" schemaName="list" />
      <RootComponent type="1" schemaName="msa_eventgroupallocation" />
      <RootComponent type="1" schemaName="msa_eventpackage" />
      <RootComponent type="1" schemaName="msa_eventpackageactivity" />
      <RootComponent type="1" schemaName="msa_eventroom" />
      <RootComponent type="1" schemaName="msa_eventsession" />
      <RootComponent type="1" schemaName="msa_eventsessiontime" />
      <RootComponent type="1" schemaName="msa_eventsponsor" />
      <RootComponent type="1" schemaName="msa_eventteammemberexternal" />
      <RootComponent type="1" schemaName="msa_eventteammemberinternal" />
      <RootComponent type="1" schemaName="msa_eventvenue" />
      <RootComponent type="1" schemaName="msa_productregistration" />
      <RootComponent type="1" schemaName="msa_webliterature" />
      <RootComponent type="1" schemaName="opportunity" />
      <RootComponent type="1" schemaName="pricelevel" />
      <RootComponent type="1" schemaName="product" />
      <RootComponent type="1" schemaName="service" />
      <RootComponent type="1" schemaName="subject" />
      <RootComponent type="29" id="{11c36761-8a67-4d88-806f-53a053b301e7}" />
      <RootComponent type="29" id="{35cab722-cf57-457e-91e8-3fcdc550ad3a}" />
      <RootComponent type="29" id="{6716df09-dbea-43e7-a5d6-7ef99829d218}" />
      <RootComponent type="29" id="{778cd15b-a709-49e5-a1c2-960300a0a9ca}" />
      <RootComponent type="29" id="{791ce546-6e65-47de-b88e-715382be6262}" />
      <RootComponent type="29" id="{7e632713-f15a-4c59-a9d9-e71f886c82bd}" />
      <RootComponent type="61" schemaName="Icon_Adx_accountaccess_Small" />
      <RootComponent type="61" schemaName="Icon_Adx_caseaccess_Small" />
      <RootComponent type="61" schemaName="Icon_Adx_contactaccess_Small" />
      <RootComponent type="61" schemaName="Icon_Adx_contentsnippet_Small" />
      <RootComponent type="61" schemaName="Icon_Adx_sitesetting_Small" />
      <RootComponent type="61" schemaName="Icon_Adx_webfile_Small" />
      <RootComponent type="61" schemaName="Icon_MSA_eventgroupallocation_Small" />
      <RootComponent type="61" schemaName="Icon_MSA_eventpackageactivity_Small" />
      <RootComponent type="61" schemaName="Icon_MSA_eventpackage_Small" />
      <RootComponent type="61" schemaName="Icon_MSA_eventroom_Small" />
      <RootComponent type="61" schemaName="Icon_MSA_eventsessiontime_Small" />
      <RootComponent type="61" schemaName="Icon_MSA_eventsession_Small" />
      <RootComponent type="61" schemaName="Icon_MSA_eventsponsor_Small" />
      <RootComponent type="61" schemaName="Icon_MSA_eventteammemberexternal_Small" />
      <RootComponent type="61" schemaName="Icon_MSA_eventteammemberinternal_Small" />
      <RootComponent type="61" schemaName="Icon_MSA_eventvenue_Small" />
      <RootComponent type="61" schemaName="Icon_MSA_productregistration_Small" />
      <RootComponent type="61" schemaName="Icon_Msa_webliterature_Small" />
      <RootComponent type="61" schemaName="msa_Adx_icon_webfile_small" />
      <RootComponent type="61" schemaName="msa_adx_pagetemplate_medium" />
      <RootComponent type="61" schemaName="msa_adx_pagetemplate_small" />
      <RootComponent type="61" schemaName="msa_adx_sitemarker_medium" />
      <RootComponent type="61" schemaName="msa_adx_Sitemarker_small" />
      <RootComponent type="61" schemaName="msa_adx_Sitesetting_medium" />
      <RootComponent type="61" schemaName="msa_adx_weblinkset_small" />
      <RootComponent type="61" schemaName="msa_adx_weblink_small" />
      <RootComponent type="61" schemaName="msa_adx_webnotificationurl_medium" />
      <RootComponent type="61" schemaName="msa_adx_webnotificationurl_small" />
      <RootComponent type="61" schemaName="msa_adx_webpage_medium" />
      <RootComponent type="61" schemaName="msa_adx_webrole_small" />
      <RootComponent type="61" schemaName="msa_campaignresponse_main_library.js" />
      <RootComponent type="61" schemaName="msa_campaign_main_library.js" />
      <RootComponent type="61" schemaName="msa_contact_main_library.js" />
      <RootComponent type="61" schemaName="msa_contact_ribbon.js" />
      <RootComponent type="61" schemaName="msa_Customer_Portal_Functionality_and_Administration_Guide.htm" />
      <RootComponent type="61" schemaName="msa_Customer_Portal_Functionality_and_Administration_Guide_image001.png" />
      <RootComponent type="61" schemaName="msa_Customer_Portal_Functionality_and_Administration_Guide_image002.jpg" />
      <RootComponent type="61" schemaName="msa_Customer_Portal_Functionality_and_Administration_Guide_image003.jpg" />
      <RootComponent type="61" schemaName="msa_Customer_Portal_Functionality_and_Administration_Guide_image004.png" />
      <RootComponent type="61" schemaName="msa_Customer_Portal_Functionality_and_Administration_Guide_image005.png" />
      <RootComponent type="61" schemaName="msa_Customer_Portal_Functionality_and_Administration_Guide_image006.png" />
      <RootComponent type="61" schemaName="msa_Customer_Portal_Functionality_and_Administration_Guide_image007.png" />
      <RootComponent type="61" schemaName="msa_Customer_Portal_Functionality_and_Administration_Guide_image008.png" />
      <RootComponent type="61" schemaName="msa_Customer_Portal_Functionality_and_Administration_Guide_image009.jpg" />
      <RootComponent type="61" schemaName="msa_Customer_Portal_Functionality_and_Administration_Guide_image010.png" />
      <RootComponent type="61" schemaName="msa_Customer_Portal_Functionality_and_Administration_Guide_image011.jpg" />
      <RootComponent type="61" schemaName="msa_Customer_Portal_Functionality_and_Administration_Guide_image012.png" />
      <RootComponent type="61" schemaName="msa_Customer_Portal_Functionality_and_Administration_Guide_image013.png" />
      <RootComponent type="61" schemaName="msa_Customer_Portal_Functionality_and_Administration_Guide_image014.jpg" />
      <RootComponent type="61" schemaName="msa_Customer_Portal_Functionality_and_Administration_Guide_image015.jpg" />
      <RootComponent type="61" schemaName="msa_Customer_Portal_Functionality_and_Administration_Guide_image016.png" />
      <RootComponent type="61" schemaName="msa_Customer_Portal_Functionality_and_Administration_Guide_image017.png" />
      <RootComponent type="61" schemaName="msa_Customer_Portal_Functionality_and_Administration_Guide_image018.jpg" />
      <RootComponent type="61" schemaName="msa_Customer_Portal_Functionality_and_Administration_Guide_image019.png" />
      <RootComponent type="61" schemaName="msa_Customer_Portal_Functionality_and_Administration_Guide_image020.png" />
      <RootComponent type="61" schemaName="msa_Customer_Portal_Functionality_and_Administration_Guide_image021.png" />
      <RootComponent type="61" schemaName="msa_Customer_Portal_Functionality_and_Administration_Guide_image022.png" />
      <RootComponent type="61" schemaName="msa_Customer_Portal_Functionality_and_Administration_Guide_image023.jpg" />
      <RootComponent type="61" schemaName="msa_Customer_Portal_Functionality_and_Administration_Guide_image024.jpg" />
      <RootComponent type="61" schemaName="msa_Customer_Portal_Functionality_and_Administration_Guide_image025.jpg" />
      <RootComponent type="61" schemaName="msa_Customer_Portal_Functionality_and_Administration_Guide_image026.jpg" />
      <RootComponent type="61" schemaName="msa_Customer_Portal_Functionality_and_Administration_Guide_image027.jpg" />
      <RootComponent type="61" schemaName="msa_Customer_Portal_Functionality_and_Administration_Guide_image028.jpg" />
      <RootComponent type="61" schemaName="msa_Customer_Portal_Functionality_and_Administration_Guide_image029.png" />
      <RootComponent type="61" schemaName="msa_Customer_Portal_Functionality_and_Administration_Guide_image030.png" />
      <RootComponent type="61" schemaName="msa_Customer_Portal_Functionality_and_Administration_Guide_image031.jpg" />
      <RootComponent type="61" schemaName="msa_Customer_Portal_Functionality_and_Administration_Guide_image032.jpg" />
      <RootComponent type="61" schemaName="msa_Customer_Portal_Functionality_and_Administration_Guide_image033.png" />
      <RootComponent type="61" schemaName="msa_Customer_Portal_Functionality_and_Administration_Guide_image034.jpg" />
      <RootComponent type="61" schemaName="msa_Customer_Portal_Functionality_and_Administration_Guide_image035.png" />
      <RootComponent type="61" schemaName="msa_Customer_Portal_Functionality_and_Administration_Guide_image036.jpg" />
      <RootComponent type="61" schemaName="MSA_eventteammemberexternal_main_library.js" />
      <RootComponent type="61" schemaName="MSA_eventteammemberinternal_main_library.js" />
      <RootComponent type="61" schemaName="MSA_goal_main_library.js" />
      <RootComponent type="61" schemaName="msa_icon_adx_webpage_small" />
      <RootComponent type="61" schemaName="msa_icon_contentsnippet_medium" />
      <RootComponent type="61" schemaName="msa_icon_pagetemplate_medium" />
      <RootComponent type="61" schemaName="msa_icon_webfile_medium" />
      <RootComponent type="61" schemaName="msa_icon_weblink_medium" />
      <RootComponent type="61" schemaName="msa_icon_webpage_medium" />
      <RootComponent type="61" schemaName="msa_icon_webrole_medium" />
      <RootComponent type="61" schemaName="msa_opportunity_main_library.js" />
      <RootComponent type="62" />
      <RootComponent type="91" schemaName="CustomerPortal.Plugins, Version=1.0.0.0, Culture=neutral, PublicKeyToken=31bf3856ad364e35" />
      <RootComponent type="91" schemaName="Microsoft.Xrm.Portal.Plugins, Version=1.0.0.0, Culture=neutral, PublicKeyToken=31bf3856ad364e35" />
      <RootComponent type="92" id="{0fa56ef3-0b93-e111-b0d0-00155d03a708}" />
      <RootComponent type="92" id="{2137cb6f-ff53-e111-91e3-00155d03a708}" />
      <RootComponent type="92" id="{44e70060-ff53-e111-91e3-00155d03a708}" />
      <RootComponent type="92" id="{46e70060-ff53-e111-91e3-00155d03a708}" />
      <RootComponent type="92" id="{82c46c58-ff53-e111-91e3-00155d03a708}" />
      <RootComponent type="92" id="{e38be3eb-0b93-e111-b0d0-00155d03a708}" />
      <RootComponent type="92" id="{e637b969-ff53-e111-91e3-00155d03a708}" />
      <RootComponent type="92" id="{fe2f7052-ff53-e111-91e3-00155d03a708}" />
      <RootComponent type="92" id="{fe90b449-ff53-e111-91e3-00155d03a708}" />
    </RootComponents>
    <MissingDependencies>
      <MissingDependency>
        <Required key="0" type="1" schemaName="systemuser" displayName="User" solution="System" />
        <Dependent key="1" type="10" schemaName="msa_eventsession_speakers_internal" />
      </MissingDependency>
      <MissingDependency>
        <Required key="0" type="1" schemaName="systemuser" displayName="User" solution="System" />
        <Dependent key="2" type="10" schemaName="msa_purchased_from" />
      </MissingDependency>
      <MissingDependency>
        <Required key="0" type="1" schemaName="systemuser" displayName="User" solution="System" />
        <Dependent key="3" type="10" schemaName="adx_systemuser_contact" />
      </MissingDependency>
      <MissingDependency>
        <Required key="0" type="1" schemaName="systemuser" displayName="User" solution="System" />
        <Dependent key="4" type="10" schemaName="msa_eventsessiontimes_speakers_internal" />
      </MissingDependency>
      <MissingDependency>
        <Required key="5" type="26" schemaName="All Article Comments" displayName="All Article Comments" parentSchemaName="kbarticlecomment" parentDisplayName="Article Comment" solution="System" id="{e3292575-bf8d-47ea-ab5a-056e62898a29}" />
        <Dependent key="6" type="60" parentDisplayName="Article" id="{fdd6d28a-6a67-4bf3-802c-37eb1a472ae2}" />
      </MissingDependency>
      <MissingDependency>
        <Required key="7" type="26" schemaName="Opportunity Product Associated View" displayName="Opportunity Product Associated View" parentSchemaName="opportunityproduct" parentDisplayName="Opportunity Product" solution="System" id="{57e13b8f-1788-4c77-9bd4-427a0f71e986}" />
        <Dependent key="8" type="60" parentDisplayName="Opportunity" id="{a2a56263-ec37-4991-a3b0-e7b37a71d818}" />
      </MissingDependency>
      <MissingDependency>
        <Required key="9" type="26" schemaName="All Activities" displayName="All Activities" parentSchemaName="activitypointer" parentDisplayName="Activity" solution="System" id="{00000000-0000-0000-00aa-000010001902}" />
        <Dependent key="8" type="60" parentDisplayName="Opportunity" id="{a2a56263-ec37-4991-a3b0-e7b37a71d818}" />
      </MissingDependency>
      <MissingDependency>
        <Required key="10" type="26" schemaName="Quote Associated View" displayName="Quote Associated View" parentSchemaName="quote" parentDisplayName="Quote" solution="System" id="{642095db-91dd-4813-bb31-665a3a2bae61}" />
        <Dependent key="8" type="60" parentDisplayName="Opportunity" id="{a2a56263-ec37-4991-a3b0-e7b37a71d818}" />
      </MissingDependency>
      <MissingDependency>
        <Required key="11" type="26" schemaName="Contract Line With Allotments" displayName="Contract Line With Allotments" parentSchemaName="contractdetail" parentDisplayName="Contract Line" solution="System" id="{8fa2705c-7e4c-4c0e-b611-4593b35a4c9e}" />
        <Dependent key="12" type="60" parentDisplayName="Case" id="{f658c846-f74c-459b-b591-b97558958106}" />
      </MissingDependency>
    </MissingDependencies>
  </SolutionManifest>
</ImportExportXml>